x-axis,1
second,Volt
-10.000000E+00,-1.034E-03
-9.995000E+00,-230E-06
-9.990000E+00,-1.034E-03
-9.985000E+00,-230E-06
-9.980000E+00,+413E-06
-9.975000E+00,-230E-06
-9.970000E+00,-1.034E-03
-9.965000E+00,-230E-06
-9.960000E+00,-552E-06
-9.955000E+00,-1.034E-03
-9.950000E+00,-1.034E-03
-9.945000E+00,-230E-06
-9.940000E+00,-230E-06
-9.935000E+00,-1.034E-03
-9.930000E+00,-230E-06
-9.925000E+00,-230E-06
-9.920000E+00,-1.034E-03
-9.915000E+00,-230E-06
-9.910000E+00,-1.034E-03
-9.905000E+00,-391E-06
-9.900000E+00,-230E-06
-9.895000E+00,-391E-06
-9.890000E+00,+574E-06
-9.885000E+00,-1.195E-03
-9.880000E+00,-391E-06
-9.875000E+00,-1.034E-03
-9.870000E+00,-230E-06
-9.865000E+00,+92E-06
-9.860000E+00,-712E-06
-9.855000E+00,-230E-06
-9.850000E+00,-1.034E-03
-9.845000E+00,-230E-06
-9.840000E+00,-230E-06
-9.835000E+00,-230E-06
-9.830000E+00,-873E-06
-9.825000E+00,-230E-06
-9.820000E+00,-230E-06
-9.815000E+00,-552E-06
-9.810000E+00,-230E-06
-9.805000E+00,-230E-06
-9.800000E+00,-230E-06
-9.795000E+00,-230E-06
-9.790000E+00,-230E-06
-9.785000E+00,-712E-06
-9.780000E+00,-230E-06
-9.775000E+00,-230E-06
-9.770000E+00,-873E-06
-9.765000E+00,-712E-06
-9.760000E+00,-69E-06
-9.755000E+00,-1.034E-03
-9.750000E+00,-230E-06
-9.745000E+00,-1.034E-03
-9.740000E+00,-230E-06
-9.735000E+00,-230E-06
-9.730000E+00,-391E-06
-9.725000E+00,-230E-06
-9.720000E+00,-391E-06
-9.715000E+00,-230E-06
-9.710000E+00,-230E-06
-9.705000E+00,+413E-06
-9.700000E+00,-1.034E-03
-9.695000E+00,-230E-06
-9.690000E+00,-552E-06
-9.685000E+00,-712E-06
-9.680000E+00,-230E-06
-9.675000E+00,-230E-06
-9.670000E+00,-230E-06
-9.665000E+00,-230E-06
-9.660000E+00,-712E-06
-9.655000E+00,-230E-06
-9.650000E+00,-230E-06
-9.645000E+00,-1.034E-03
-9.640000E+00,-230E-06
-9.635000E+00,-552E-06
-9.630000E+00,-873E-06
-9.625000E+00,-230E-06
-9.620000E+00,-391E-06
-9.615000E+00,-552E-06
-9.610000E+00,-230E-06
-9.605000E+00,-230E-06
-9.600000E+00,-230E-06
-9.595000E+00,-230E-06
-9.590000E+00,-230E-06
-9.585000E+00,-230E-06
-9.580000E+00,-69E-06
-9.575000E+00,-230E-06
-9.570000E+00,-230E-06
-9.565000E+00,-712E-06
-9.560000E+00,-552E-06
-9.555000E+00,-391E-06
-9.550000E+00,-230E-06
-9.545000E+00,-873E-06
-9.540000E+00,-552E-06
-9.535000E+00,+92E-06
-9.530000E+00,-230E-06
-9.525000E+00,-230E-06
-9.520000E+00,-873E-06
-9.515000E+00,-552E-06
-9.510000E+00,-552E-06
-9.505000E+00,-230E-06
-9.500000E+00,-230E-06
-9.495000E+00,-1.034E-03
-9.490000E+00,-552E-06
-9.485000E+00,-230E-06
-9.480000E+00,-1.034E-03
-9.475000E+00,-230E-06
-9.470000E+00,-230E-06
-9.465000E+00,-552E-06
-9.460000E+00,-552E-06
-9.455000E+00,-873E-06
-9.450000E+00,-230E-06
-9.445000E+00,-1.034E-03
-9.440000E+00,-230E-06
-9.435000E+00,-230E-06
-9.430000E+00,-230E-06
-9.425000E+00,-1.034E-03
-9.420000E+00,-230E-06
-9.415000E+00,-712E-06
-9.410000E+00,-712E-06
-9.405000E+00,-873E-06
-9.400000E+00,-1.034E-03
-9.395000E+00,-230E-06
-9.390000E+00,-1.195E-03
-9.385000E+00,-873E-06
-9.380000E+00,-873E-06
-9.375000E+00,-230E-06
-9.370000E+00,-230E-06
-9.365000E+00,-712E-06
-9.360000E+00,-552E-06
-9.355000E+00,-873E-06
-9.350000E+00,-230E-06
-9.345000E+00,-230E-06
-9.340000E+00,-230E-06
-9.335000E+00,-712E-06
-9.330000E+00,-873E-06
-9.325000E+00,-230E-06
-9.320000E+00,-873E-06
-9.315000E+00,-1.195E-03
-9.310000E+00,-712E-06
-9.305000E+00,-873E-06
-9.300000E+00,-230E-06
-9.295000E+00,-230E-06
-9.290000E+00,-230E-06
-9.285000E+00,-230E-06
-9.280000E+00,-391E-06
-9.275000E+00,-230E-06
-9.270000E+00,-391E-06
-9.265000E+00,-552E-06
-9.260000E+00,-1.034E-03
-9.255000E+00,-391E-06
-9.250000E+00,-230E-06
-9.245000E+00,-873E-06
-9.240000E+00,-712E-06
-9.235000E+00,-712E-06
-9.230000E+00,-1.034E-03
-9.225000E+00,-230E-06
-9.220000E+00,-391E-06
-9.215000E+00,-712E-06
-9.210000E+00,-552E-06
-9.205000E+00,-230E-06
-9.200000E+00,-230E-06
-9.195000E+00,-391E-06
-9.190000E+00,-230E-06
-9.185000E+00,-230E-06
-9.180000E+00,-230E-06
-9.175000E+00,-230E-06
-9.170000E+00,-1.034E-03
-9.165000E+00,-552E-06
-9.160000E+00,-230E-06
-9.155000E+00,-391E-06
-9.150000E+00,-1.034E-03
-9.145000E+00,-230E-06
-9.140000E+00,-230E-06
-9.135000E+00,-552E-06
-9.130000E+00,-230E-06
-9.125000E+00,-230E-06
-9.120000E+00,-873E-06
-9.115000E+00,-552E-06
-9.110000E+00,-230E-06
-9.105000E+00,-69E-06
-9.100000E+00,-1.034E-03
-9.095000E+00,-1.034E-03
-9.090000E+00,-552E-06
-9.085000E+00,-230E-06
-9.080000E+00,-230E-06
-9.075000E+00,-1.034E-03
-9.070000E+00,-1.034E-03
-9.065000E+00,-230E-06
-9.060000E+00,-230E-06
-9.055000E+00,-230E-06
-9.050000E+00,+574E-06
-9.045000E+00,-391E-06
-9.040000E+00,-552E-06
-9.035000E+00,-230E-06
-9.030000E+00,-391E-06
-9.025000E+00,-230E-06
-9.020000E+00,-873E-06
-9.015000E+00,+253E-06
-9.010000E+00,-1.034E-03
-9.005000E+00,-1.034E-03
-9.000000E+00,-1.034E-03
-8.995000E+00,-873E-06
-8.990000E+00,-230E-06
-8.985000E+00,-552E-06
-8.980000E+00,-873E-06
-8.975000E+00,-230E-06
-8.970000E+00,-391E-06
-8.965000E+00,-712E-06
-8.960000E+00,-552E-06
-8.955000E+00,-230E-06
-8.950000E+00,-230E-06
-8.945000E+00,-1.034E-03
-8.940000E+00,-230E-06
-8.935000E+00,-712E-06
-8.930000E+00,-873E-06
-8.925000E+00,-230E-06
-8.920000E+00,-230E-06
-8.915000E+00,-230E-06
-8.910000E+00,-230E-06
-8.905000E+00,-873E-06
-8.900000E+00,-1.034E-03
-8.895000E+00,-230E-06
-8.890000E+00,-552E-06
-8.885000E+00,-712E-06
-8.880000E+00,-230E-06
-8.875000E+00,+574E-06
-8.870000E+00,-25.315E-03
-8.865000E+00,+15.529E-03
-8.860000E+00,+37.398E-03
-8.855000E+00,-44.773E-03
-8.850000E+00,-50.883E-03
-8.845000E+00,-12.290E-03
-8.840000E+00,+2.504E-03
-8.835000E+00,-40.592E-03
-8.830000E+00,-50.562E-03
-8.825000E+00,+35.951E-03
-8.820000E+00,-33.356E-03
-8.815000E+00,+5.237E-03
-8.810000E+00,-12.933E-03
-8.805000E+00,-24.351E-03
-8.800000E+00,-51.687E-03
-8.795000E+00,-6.823E-03
-8.790000E+00,-46.381E-03
-8.785000E+00,+14.564E-03
-8.780000E+00,+25.016E-03
-8.775000E+00,+6.202E-03
-8.770000E+00,-12.933E-03
-8.765000E+00,+40.936E-03
-8.760000E+00,+2.021E-03
-8.755000E+00,-24.351E-03
-8.750000E+00,-22.742E-03
-8.745000E+00,-37.858E-03
-8.740000E+00,-27.567E-03
-8.735000E+00,+14.886E-03
-8.730000E+00,-41.235E-03
-8.725000E+00,-51.687E-03
-8.720000E+00,-14.059E-03
-8.715000E+00,-20.813E-03
-8.710000E+00,-57.798E-03
-8.705000E+00,-44.773E-03
-8.700000E+00,+55.247E-03
-8.695000E+00,-60.049E-03
-8.690000E+00,+41.901E-03
-8.685000E+00,-230E-06
-8.680000E+00,-41.396E-03
-8.675000E+00,-53.295E-03
-8.670000E+00,-8.913E-03
-8.665000E+00,-26.763E-03
-8.660000E+00,+11.348E-03
-8.655000E+00,-26.119E-03
-8.650000E+00,+2.182E-03
-8.645000E+00,-12.612E-03
-8.640000E+00,-64.230E-03
-8.635000E+00,-12.933E-03
-8.630000E+00,-67.928E-03
-8.625000E+00,+2.182E-03
-8.620000E+00,-66.964E-03
-8.615000E+00,-60.371E-03
-8.610000E+00,-15.989E-03
-8.605000E+00,+413E-06
-8.600000E+00,-64.552E-03
-8.595000E+00,+54.926E-03
-8.590000E+00,-15.506E-03
-8.585000E+00,+56.212E-03
-8.580000E+00,-67.768E-03
-8.575000E+00,-70.180E-03
-8.570000E+00,+3.629E-03
-8.565000E+00,+15.851E-03
-8.560000E+00,-19.526E-03
-8.555000E+00,-67.124E-03
-8.550000E+00,-54.099E-03
-8.545000E+00,-54.260E-03
-8.540000E+00,+15.207E-03
-8.535000E+00,-67.607E-03
-8.530000E+00,-10.682E-03
-8.525000E+00,+23.087E-03
-8.520000E+00,-58.923E-03
-8.515000E+00,-47.989E-03
-8.510000E+00,+9.258E-03
-8.505000E+00,-44.933E-03
-8.500000E+00,-55.707E-03
-8.495000E+00,+13.438E-03
-8.490000E+00,-14.220E-03
-8.485000E+00,-63.265E-03
-8.480000E+00,-41.878E-03
-8.475000E+00,-66.160E-03
-8.470000E+00,-39.466E-03
-8.465000E+00,+57.338E-03
-8.460000E+00,-45.416E-03
-8.455000E+00,-51.205E-03
-8.450000E+00,-61.335E-03
-8.445000E+00,-33.516E-03
-8.440000E+00,-39.144E-03
-8.435000E+00,-11.486E-03
-8.430000E+00,+27.428E-03
-8.425000E+00,+52.031E-03
-8.420000E+00,-54.260E-03
-8.415000E+00,+14.564E-03
-8.410000E+00,-18.240E-03
-8.405000E+00,-56.190E-03
-8.400000E+00,-28.371E-03
-8.395000E+00,-51.205E-03
-8.390000E+00,-35.768E-03
-8.385000E+00,-47.828E-03
-8.380000E+00,-44.129E-03
-8.375000E+00,-65.356E-03
-8.370000E+00,-17.114E-03
-8.365000E+00,-41.717E-03
-8.360000E+00,-552E-06
-8.355000E+00,-10.200E-03
-8.350000E+00,+24.695E-03
-8.345000E+00,-26.119E-03
-8.340000E+00,-38.180E-03
-8.335000E+00,+21.800E-03
-8.330000E+00,-39.788E-03
-8.325000E+00,-21.134E-03
-8.320000E+00,-10.521E-03
-8.315000E+00,-29.496E-03
-8.310000E+00,-47.024E-03
-8.305000E+00,-18.401E-03
-8.300000E+00,+32.735E-03
-8.295000E+00,-29.818E-03
-8.290000E+00,-49.275E-03
-8.285000E+00,-27.084E-03
-8.280000E+00,-40.431E-03
-8.275000E+00,-14.702E-03
-8.270000E+00,-53.134E-03
-8.265000E+00,-36.893E-03
-8.260000E+00,+40.454E-03
-8.255000E+00,+22.765E-03
-8.250000E+00,-57.315E-03
-8.245000E+00,-43.004E-03
-8.240000E+00,-11.486E-03
-8.235000E+00,-43.486E-03
-8.230000E+00,-47.345E-03
-8.225000E+00,-34.803E-03
-8.220000E+00,+14.242E-03
-8.215000E+00,+33.700E-03
-8.210000E+00,-43.808E-03
-8.205000E+00,-33.034E-03
-8.200000E+00,-31.587E-03
-8.195000E+00,-48.149E-03
-8.190000E+00,+23.891E-03
-8.185000E+00,-16.149E-03
-8.180000E+00,-45.737E-03
-8.175000E+00,+56.856E-03
-8.170000E+00,-36.250E-03
-8.165000E+00,-44.290E-03
-8.160000E+00,+7.328E-03
-8.155000E+00,-40.753E-03
-8.150000E+00,-56.511E-03
-8.145000E+00,-24.029E-03
-8.140000E+00,+1.539E-03
-8.135000E+00,-45.898E-03
-8.130000E+00,-25.959E-03
-8.125000E+00,-50.079E-03
-8.120000E+00,+30.966E-03
-8.115000E+00,+15.368E-03
-8.110000E+00,+1.217E-03
-8.105000E+00,-37.858E-03
-8.100000E+00,-54.903E-03
-8.095000E+00,+21.961E-03
-8.090000E+00,-25.798E-03
-8.085000E+00,+38.202E-03
-8.080000E+00,+37.881E-03
-8.075000E+00,-1.838E-03
-8.070000E+00,+17.137E-03
-8.065000E+00,-50.240E-03
-8.060000E+00,-43.808E-03
-8.055000E+00,-31.587E-03
-8.050000E+00,+52.835E-03
-8.045000E+00,-29.979E-03
-8.040000E+00,+1.217E-03
-8.035000E+00,-24.511E-03
-8.030000E+00,-34.160E-03
-8.025000E+00,+49.619E-03
-8.020000E+00,-31.908E-03
-8.015000E+00,-30.943E-03
-8.010000E+00,-20.491E-03
-8.005000E+00,-32.712E-03
-8.000000E+00,-46.863E-03
-7.995000E+00,-48.632E-03
-7.990000E+00,-18.240E-03
-7.985000E+00,-28.210E-03
-7.980000E+00,-32.391E-03
-7.975000E+00,-49.275E-03
-7.970000E+00,-1.356E-03
-7.965000E+00,+25.338E-03
-7.960000E+00,-13.416E-03
-7.955000E+00,-9.557E-03
-7.950000E+00,-17.114E-03
-7.945000E+00,-49.597E-03
-7.940000E+00,+13.438E-03
-7.935000E+00,+34.825E-03
-7.930000E+00,+11.830E-03
-7.925000E+00,+44.795E-03
-7.920000E+00,+33.378E-03
-7.915000E+00,-8.592E-03
-7.910000E+00,-30.139E-03
-7.905000E+00,-28.853E-03
-7.900000E+00,-48.471E-03
-7.895000E+00,+17.619E-03
-7.890000E+00,+9.097E-03
-7.885000E+00,+13.438E-03
-7.880000E+00,+44.634E-03
-7.875000E+00,+40.775E-03
-7.870000E+00,+25.981E-03
-7.865000E+00,+10.705E-03
-7.860000E+00,-31.104E-03
-7.855000E+00,-37.215E-03
-7.850000E+00,+23.087E-03
-7.845000E+00,+38.685E-03
-7.840000E+00,-1.677E-03
-7.835000E+00,+42.866E-03
-7.830000E+00,-40.109E-03
-7.825000E+00,-32.391E-03
-7.820000E+00,-20.170E-03
-7.815000E+00,-18.240E-03
-7.810000E+00,-10.521E-03
-7.805000E+00,+35.308E-03
-7.800000E+00,+34.343E-03
-7.795000E+00,+28.715E-03
-7.790000E+00,+1.057E-03
-7.785000E+00,-5.215E-03
-7.780000E+00,-23.868E-03
-7.775000E+00,+16.655E-03
-7.770000E+00,-10.682E-03
-7.765000E+00,+32.413E-03
-7.760000E+00,-9.557E-03
-7.755000E+00,+37.237E-03
-7.750000E+00,-1.034E-03
-7.745000E+00,+24.534E-03
-7.740000E+00,+17.298E-03
-7.735000E+00,-10.200E-03
-7.730000E+00,+30.001E-03
-7.725000E+00,-38.823E-03
-7.720000E+00,-8.109E-03
-7.715000E+00,+1.057E-03
-7.710000E+00,+37.237E-03
-7.705000E+00,+16.011E-03
-7.700000E+00,+30.323E-03
-7.695000E+00,+23.087E-03
-7.690000E+00,+21.479E-03
-7.685000E+00,-19.526E-03
-7.680000E+00,-25.959E-03
-7.675000E+00,+21.479E-03
-7.670000E+00,-18.079E-03
-7.665000E+00,+23.891E-03
-7.660000E+00,+13.117E-03
-7.655000E+00,+18.423E-03
-7.650000E+00,+39.971E-03
-7.645000E+00,-32.069E-03
-7.640000E+00,-12.612E-03
-7.635000E+00,+26.303E-03
-7.630000E+00,+17.298E-03
-7.625000E+00,-22.742E-03
-7.620000E+00,-24.511E-03
-7.615000E+00,+12.956E-03
-7.610000E+00,-19.044E-03
-7.605000E+00,+35.308E-03
-7.600000E+00,+26.303E-03
-7.595000E+00,+17.619E-03
-7.590000E+00,-5.376E-03
-7.585000E+00,-21.938E-03
-7.580000E+00,-17.758E-03
-7.575000E+00,+34.343E-03
-7.570000E+00,+20.675E-03
-7.565000E+00,+35.629E-03
-7.560000E+00,-8.431E-03
-7.555000E+00,-5.858E-03
-7.550000E+00,-24.351E-03
-7.545000E+00,-24.833E-03
-7.540000E+00,+11.026E-03
-7.535000E+00,-69E-06
-7.530000E+00,+37.237E-03
-7.525000E+00,-17.114E-03
-7.520000E+00,+5.881E-03
-7.515000E+00,+6.685E-03
-7.510000E+00,+24.534E-03
-7.505000E+00,+16.976E-03
-7.500000E+00,+7.006E-03
-7.495000E+00,-16.310E-03
-7.490000E+00,+21.318E-03
-7.485000E+00,+5.559E-03
-7.480000E+00,-14.220E-03
-7.475000E+00,-31.587E-03
-7.470000E+00,+14.564E-03
-7.465000E+00,+1.057E-03
-7.460000E+00,-3.928E-03
-7.455000E+00,+26.624E-03
-7.450000E+00,-18.722E-03
-7.445000E+00,+11.670E-03
-7.440000E+00,+6.202E-03
-7.435000E+00,+1.057E-03
-7.430000E+00,+30.644E-03
-7.425000E+00,+30.323E-03
-7.420000E+00,+14.564E-03
-7.415000E+00,+12.474E-03
-7.410000E+00,+29.197E-03
-7.405000E+00,+11.187E-03
-7.400000E+00,+15.851E-03
-7.395000E+00,+20.031E-03
-7.390000E+00,-873E-06
-7.385000E+00,-12.773E-03
-7.380000E+00,+31.609E-03
-7.375000E+00,+33.539E-03
-7.370000E+00,+21.800E-03
-7.365000E+00,+24.373E-03
-7.360000E+00,+26.142E-03
-7.355000E+00,+19.549E-03
-7.350000E+00,-24.351E-03
-7.345000E+00,-4.893E-03
-7.340000E+00,+13.760E-03
-7.335000E+00,-15.024E-03
-7.330000E+00,-11.647E-03
-7.325000E+00,-16.310E-03
-7.320000E+00,+23.569E-03
-7.315000E+00,+6.202E-03
-7.310000E+00,-7.305E-03
-7.305000E+00,+24.212E-03
-7.300000E+00,+28.715E-03
-7.295000E+00,-2.481E-03
-7.290000E+00,+17.780E-03
-7.285000E+00,+4.112E-03
-7.280000E+00,+6.845E-03
-7.275000E+00,+22.283E-03
-7.270000E+00,+15.046E-03
-7.265000E+00,+29.840E-03
-7.260000E+00,-6.823E-03
-7.255000E+00,-21.134E-03
-7.250000E+00,+31.127E-03
-7.245000E+00,+29.358E-03
-7.240000E+00,+14.725E-03
-7.235000E+00,-12.933E-03
-7.230000E+00,+3.469E-03
-7.225000E+00,+18.263E-03
-7.220000E+00,+30.001E-03
-7.215000E+00,+6.202E-03
-7.210000E+00,+735E-06
-7.205000E+00,-19.205E-03
-7.200000E+00,+5.398E-03
-7.195000E+00,+8.614E-03
-7.190000E+00,+12.956E-03
-7.185000E+00,+23.569E-03
-7.180000E+00,+14.564E-03
-7.175000E+00,+17.459E-03
-7.170000E+00,+26.464E-03
-7.165000E+00,+15.046E-03
-7.160000E+00,+26.946E-03
-7.155000E+00,+8.614E-03
-7.150000E+00,-17.918E-03
-7.145000E+00,-23.546E-03
-7.140000E+00,+15.368E-03
-7.135000E+00,+1.700E-03
-7.130000E+00,+735E-06
-7.125000E+00,-18.722E-03
-7.120000E+00,+20.192E-03
-7.115000E+00,+20.675E-03
-7.110000E+00,+4.594E-03
-7.105000E+00,+13.921E-03
-7.100000E+00,-9.878E-03
-7.095000E+00,-4.732E-03
-7.090000E+00,-8.753E-03
-7.085000E+00,+19.549E-03
-7.080000E+00,-2.160E-03
-7.075000E+00,+18.263E-03
-7.070000E+00,+14.242E-03
-7.065000E+00,-19.366E-03
-7.060000E+00,-1.356E-03
-7.055000E+00,+25.016E-03
-7.050000E+00,+27.107E-03
-7.045000E+00,-7.144E-03
-7.040000E+00,+12.313E-03
-7.035000E+00,-7.627E-03
-7.030000E+00,+12.956E-03
-7.025000E+00,-18.722E-03
-7.020000E+00,+23.247E-03
-7.015000E+00,-6.340E-03
-7.010000E+00,+12.474E-03
-7.005000E+00,+24.695E-03
-7.000000E+00,+25.499E-03
-6.995000E+00,+13.599E-03
-6.990000E+00,-2.481E-03
-6.985000E+00,-11.647E-03
-6.980000E+00,+4.273E-03
-6.975000E+00,-20.330E-03
-6.970000E+00,+10.705E-03
-6.965000E+00,+92E-06
-6.960000E+00,+1.057E-03
-6.955000E+00,-4.250E-03
-6.950000E+00,+9.418E-03
-6.945000E+00,+16.011E-03
-6.940000E+00,+2.021E-03
-6.935000E+00,+18.423E-03
-6.930000E+00,+23.730E-03
-6.925000E+00,+11.830E-03
-6.920000E+00,+7.649E-03
-6.915000E+00,+21.639E-03
-6.910000E+00,-9.396E-03
-6.905000E+00,+8.132E-03
-6.900000E+00,+12.634E-03
-6.895000E+00,-17.114E-03
-6.890000E+00,+8.936E-03
-6.885000E+00,+19.549E-03
-6.880000E+00,-4.572E-03
-6.875000E+00,+20.675E-03
-6.870000E+00,+16.976E-03
-6.865000E+00,+8.775E-03
-6.860000E+00,+11.830E-03
-6.855000E+00,+13.438E-03
-6.850000E+00,-18.722E-03
-6.845000E+00,-14.381E-03
-6.840000E+00,+16.655E-03
-6.835000E+00,-4.732E-03
-6.830000E+00,+11.026E-03
-6.825000E+00,+20.675E-03
-6.820000E+00,-15.667E-03
-6.815000E+00,+18.263E-03
-6.810000E+00,+6.363E-03
-6.805000E+00,+2.986E-03
-6.800000E+00,+11.026E-03
-6.795000E+00,+15.851E-03
-6.790000E+00,+413E-06
-6.785000E+00,+20.835E-03
-6.780000E+00,+10.544E-03
-6.775000E+00,+7.810E-03
-6.770000E+00,+15.046E-03
-6.765000E+00,-14.059E-03
-6.760000E+00,-4.572E-03
-6.755000E+00,+16.172E-03
-6.750000E+00,+10.222E-03
-6.745000E+00,+14.564E-03
-6.740000E+00,-4.893E-03
-6.735000E+00,+3.951E-03
-6.730000E+00,-552E-06
-6.725000E+00,-7.466E-03
-6.720000E+00,+12.152E-03
-6.715000E+00,-9.878E-03
-6.710000E+00,-1.516E-03
-6.705000E+00,+14.725E-03
-6.700000E+00,+10.222E-03
-6.695000E+00,+18.102E-03
-6.690000E+00,+6.202E-03
-6.685000E+00,-1.356E-03
-6.680000E+00,+10.866E-03
-6.675000E+00,-5.054E-03
-6.670000E+00,-10.039E-03
-6.665000E+00,+17.780E-03
-6.660000E+00,-12.451E-03
-6.655000E+00,-11.486E-03
-6.650000E+00,-14.702E-03
-6.645000E+00,-12.773E-03
-6.640000E+00,+4.755E-03
-6.635000E+00,-6.340E-03
-6.630000E+00,-17.918E-03
-6.625000E+00,+19.067E-03
-6.620000E+00,-3.446E-03
-6.615000E+00,-9.235E-03
-6.610000E+00,+3.629E-03
-6.605000E+00,-15.506E-03
-6.600000E+00,-20.330E-03
-6.595000E+00,-11.647E-03
-6.590000E+00,-6.662E-03
-6.585000E+00,+2.343E-03
-6.580000E+00,-18.883E-03
-6.575000E+00,+7.810E-03
-6.570000E+00,+4.112E-03
-6.565000E+00,+11.991E-03
-6.560000E+00,+413E-06
-6.555000E+00,+11.026E-03
-6.550000E+00,+14.242E-03
-6.545000E+00,+9.258E-03
-6.540000E+00,-9.074E-03
-6.535000E+00,-9.557E-03
-6.530000E+00,+16.011E-03
-6.525000E+00,-13.094E-03
-6.520000E+00,-11.969E-03
-6.515000E+00,-1.677E-03
-6.510000E+00,+5.398E-03
-6.505000E+00,-11.647E-03
-6.500000E+00,-17.114E-03
-6.495000E+00,+10.222E-03
-6.490000E+00,+12.795E-03
-6.485000E+00,-7.144E-03
-6.480000E+00,+2.021E-03
-6.475000E+00,-18.722E-03
-6.470000E+00,+16.655E-03
-6.465000E+00,-12.933E-03
-6.460000E+00,+574E-06
-6.455000E+00,+12.956E-03
-6.450000E+00,-17.918E-03
-6.445000E+00,-10.361E-03
-6.440000E+00,-3.446E-03
-6.435000E+00,+2.825E-03
-6.430000E+00,+8.936E-03
-6.425000E+00,+16.655E-03
-6.420000E+00,+15.529E-03
-6.415000E+00,-2.642E-03
-6.410000E+00,-3.928E-03
-6.405000E+00,-1.034E-03
-6.400000E+00,-12.290E-03
-6.395000E+00,-15.024E-03
-6.390000E+00,+3.629E-03
-6.385000E+00,+3.147E-03
-6.380000E+00,+7.489E-03
-6.375000E+00,+10.222E-03
-6.370000E+00,-13.255E-03
-6.365000E+00,-11.969E-03
-6.360000E+00,-1.195E-03
-6.355000E+00,-11.004E-03
-6.350000E+00,+15.851E-03
-6.345000E+00,+10.866E-03
-6.340000E+00,-2.481E-03
-6.335000E+00,+6.202E-03
-6.330000E+00,+12.474E-03
-6.325000E+00,+15.046E-03
-6.320000E+00,-15.185E-03
-6.315000E+00,-391E-06
-6.310000E+00,+4.755E-03
-6.305000E+00,+8.132E-03
-6.300000E+00,-15.506E-03
-6.295000E+00,-2.160E-03
-6.290000E+00,-10.843E-03
-6.285000E+00,-1.999E-03
-6.280000E+00,+9.579E-03
-6.275000E+00,-5.858E-03
-6.270000E+00,-6.501E-03
-6.265000E+00,+7.328E-03
-6.260000E+00,+10.544E-03
-6.255000E+00,-14.059E-03
-6.250000E+00,+11.026E-03
-6.245000E+00,-10.682E-03
-6.240000E+00,-230E-06
-6.235000E+00,-3.446E-03
-6.230000E+00,+896E-06
-6.225000E+00,-13.898E-03
-6.220000E+00,-3.928E-03
-6.215000E+00,-8.270E-03
-6.210000E+00,-2.160E-03
-6.205000E+00,-14.220E-03
-6.200000E+00,+7.006E-03
-6.195000E+00,+9.097E-03
-6.190000E+00,-3.285E-03
-6.185000E+00,-2.803E-03
-6.180000E+00,+8.132E-03
-6.175000E+00,-3.446E-03
-6.170000E+00,-8.109E-03
-6.165000E+00,-13.255E-03
-6.160000E+00,-1.838E-03
-6.155000E+00,-6.501E-03
-6.150000E+00,+9.418E-03
-6.145000E+00,-5.858E-03
-6.140000E+00,-1.034E-03
-6.135000E+00,+3.951E-03
-6.130000E+00,-7.788E-03
-6.125000E+00,+7.810E-03
-6.120000E+00,+5.559E-03
-6.115000E+00,-10.200E-03
-6.110000E+00,+6.685E-03
-6.105000E+00,-13.737E-03
-6.100000E+00,-13.898E-03
-6.095000E+00,-11.325E-03
-6.090000E+00,+2.504E-03
-6.085000E+00,+896E-06
-6.080000E+00,+7.810E-03
-6.075000E+00,+574E-06
-6.070000E+00,-7.948E-03
-6.065000E+00,-3.928E-03
-6.060000E+00,-13.094E-03
-6.055000E+00,+10.866E-03
-6.050000E+00,-12.290E-03
-6.045000E+00,+6.202E-03
-6.040000E+00,-4.732E-03
-6.035000E+00,-9.074E-03
-6.030000E+00,+4.433E-03
-6.025000E+00,-10.682E-03
-6.020000E+00,-11.647E-03
-6.015000E+00,-2.964E-03
-6.010000E+00,+413E-06
-6.005000E+00,+5.720E-03
-6.000000E+00,-6.662E-03
-5.995000E+00,+2.182E-03
-5.990000E+00,-2.320E-03
-5.985000E+00,-2.803E-03
-5.980000E+00,-8.270E-03
-5.975000E+00,-12.290E-03
-5.970000E+00,+3.147E-03
-5.965000E+00,-2.642E-03
-5.960000E+00,+5.237E-03
-5.955000E+00,-7.466E-03
-5.950000E+00,-11.486E-03
-5.945000E+00,-10.200E-03
-5.940000E+00,-11.004E-03
-5.935000E+00,-12.612E-03
-5.930000E+00,-6.662E-03
-5.925000E+00,-8.270E-03
-5.920000E+00,+7.810E-03
-5.915000E+00,-5.054E-03
-5.910000E+00,-7.627E-03
-5.905000E+00,+4.594E-03
-5.900000E+00,-2.642E-03
-5.895000E+00,-7.948E-03
-5.890000E+00,-10.521E-03
-5.885000E+00,-4.089E-03
-5.880000E+00,-11.647E-03
-5.875000E+00,-230E-06
-5.870000E+00,+1.217E-03
-5.865000E+00,+1.378E-03
-5.860000E+00,+2.825E-03
-5.855000E+00,-11.486E-03
-5.850000E+00,-5.858E-03
-5.845000E+00,-1.838E-03
-5.840000E+00,-9.396E-03
-5.835000E+00,+413E-06
-5.830000E+00,-1.838E-03
-5.825000E+00,-230E-06
-5.820000E+00,-2.642E-03
-5.815000E+00,+3.629E-03
-5.810000E+00,-6.984E-03
-5.805000E+00,-6.501E-03
-5.800000E+00,-11.486E-03
-5.795000E+00,-9.235E-03
-5.790000E+00,+6.845E-03
-5.785000E+00,+413E-06
-5.780000E+00,-2.642E-03
-5.775000E+00,-7.466E-03
-5.770000E+00,-6.823E-03
-5.765000E+00,-4.411E-03
-5.760000E+00,-8.431E-03
-5.755000E+00,-1.034E-03
-5.750000E+00,-2.642E-03
-5.745000E+00,+3.469E-03
-5.740000E+00,-1.356E-03
-5.735000E+00,-10.200E-03
-5.730000E+00,-3.928E-03
-5.725000E+00,-5.054E-03
-5.720000E+00,-8.270E-03
-5.715000E+00,-7.144E-03
-5.710000E+00,-7.788E-03
-5.705000E+00,-7.948E-03
-5.700000E+00,+6.202E-03
-5.695000E+00,-2.803E-03
-5.690000E+00,+4.273E-03
-5.685000E+00,-6.180E-03
-5.680000E+00,-2.481E-03
-5.675000E+00,-1.034E-03
-5.670000E+00,-5.697E-03
-5.665000E+00,-8.753E-03
-5.660000E+00,-7.788E-03
-5.655000E+00,-2.320E-03
-5.650000E+00,-9.878E-03
-5.645000E+00,+1.861E-03
-5.640000E+00,+5.720E-03
-5.635000E+00,-2.320E-03
-5.630000E+00,+2.986E-03
-5.625000E+00,-5.858E-03
-5.620000E+00,-7.466E-03
-5.615000E+00,-5.215E-03
-5.610000E+00,-230E-06
-5.605000E+00,-5.536E-03
-5.600000E+00,-7.466E-03
-5.595000E+00,-9.235E-03
-5.590000E+00,-2.320E-03
-5.585000E+00,-6.340E-03
-5.580000E+00,-5.858E-03
-5.575000E+00,-7.466E-03
-5.570000E+00,+1.861E-03
-5.565000E+00,-230E-06
-5.560000E+00,-1.034E-03
-5.555000E+00,-5.536E-03
-5.550000E+00,-8.270E-03
-5.545000E+00,-7.788E-03
-5.540000E+00,-2.642E-03
-5.535000E+00,-2.160E-03
-5.530000E+00,+3.469E-03
-5.525000E+00,-6.662E-03
-5.520000E+00,-7.788E-03
-5.515000E+00,-4.250E-03
-5.510000E+00,+3.951E-03
-5.505000E+00,+1.217E-03
-5.500000E+00,-6.662E-03
-5.495000E+00,-5.858E-03
-5.490000E+00,-1.034E-03
-5.485000E+00,-3.285E-03
-5.480000E+00,-6.984E-03
-5.475000E+00,-5.858E-03
-5.470000E+00,+3.308E-03
-5.465000E+00,-712E-06
-5.460000E+00,-6.984E-03
-5.455000E+00,-552E-06
-5.450000E+00,+3.790E-03
-5.445000E+00,+4.433E-03
-5.440000E+00,+896E-06
-5.435000E+00,-1.838E-03
-5.430000E+00,+92E-06
-5.425000E+00,-9.074E-03
-5.420000E+00,+2.665E-03
-5.415000E+00,+896E-06
-5.410000E+00,-4.250E-03
-5.405000E+00,-5.215E-03
-5.400000E+00,-8.270E-03
-5.395000E+00,-4.411E-03
-5.390000E+00,-4.250E-03
-5.385000E+00,-4.089E-03
-5.380000E+00,-4.893E-03
-5.375000E+00,-2.642E-03
-5.370000E+00,-5.697E-03
-5.365000E+00,-5.215E-03
-5.360000E+00,-4.250E-03
-5.355000E+00,+3.308E-03
-5.350000E+00,-5.054E-03
-5.345000E+00,-6.823E-03
-5.340000E+00,-391E-06
-5.335000E+00,+4.594E-03
-5.330000E+00,-5.536E-03
-5.325000E+00,-4.250E-03
-5.320000E+00,-6.340E-03
-5.315000E+00,+735E-06
-5.310000E+00,-1.999E-03
-5.305000E+00,-7.948E-03
-5.300000E+00,-1.838E-03
-5.295000E+00,-5.697E-03
-5.290000E+00,-2.320E-03
-5.285000E+00,-1.677E-03
-5.280000E+00,-5.215E-03
-5.275000E+00,-7.466E-03
-5.270000E+00,-2.481E-03
-5.265000E+00,-5.054E-03
-5.260000E+00,+1.700E-03
-5.255000E+00,-552E-06
-5.250000E+00,+3.790E-03
-5.245000E+00,+4.112E-03
-5.240000E+00,-2.160E-03
-5.235000E+00,+4.755E-03
-5.230000E+00,-6.180E-03
-5.225000E+00,+3.790E-03
-5.220000E+00,-4.572E-03
-5.215000E+00,-7.788E-03
-5.210000E+00,-7.144E-03
-5.205000E+00,-2.481E-03
-5.200000E+00,-2.642E-03
-5.195000E+00,+3.469E-03
-5.190000E+00,-3.607E-03
-5.185000E+00,+735E-06
-5.180000E+00,-3.928E-03
-5.175000E+00,-6.662E-03
-5.170000E+00,+3.469E-03
-5.165000E+00,-2.160E-03
-5.160000E+00,-2.160E-03
-5.155000E+00,+4.112E-03
-5.150000E+00,+6.202E-03
-5.145000E+00,+2.986E-03
-5.140000E+00,+92E-06
-5.135000E+00,-1.838E-03
-5.130000E+00,-4.089E-03
-5.125000E+00,-5.858E-03
-5.120000E+00,-6.662E-03
-5.115000E+00,+2.665E-03
-5.110000E+00,-6.340E-03
-5.105000E+00,-4.411E-03
-5.100000E+00,-6.662E-03
-5.095000E+00,-3.285E-03
-5.090000E+00,-6.340E-03
-5.085000E+00,-712E-06
-5.080000E+00,-4.089E-03
-5.075000E+00,-3.446E-03
-5.070000E+00,-6.340E-03
-5.065000E+00,+1.057E-03
-5.060000E+00,-2.481E-03
-5.055000E+00,-1.838E-03
-5.050000E+00,+5.398E-03
-5.045000E+00,+2.986E-03
-5.040000E+00,+1.539E-03
-5.035000E+00,-2.160E-03
-5.030000E+00,-391E-06
-5.025000E+00,-6.662E-03
-5.020000E+00,+2.986E-03
-5.015000E+00,-230E-06
-5.010000E+00,-552E-06
-5.005000E+00,-3.607E-03
-5.000000E+00,-3.446E-03
-4.995000E+00,+2.504E-03
-4.990000E+00,-3.446E-03
-4.985000E+00,-2.642E-03
-4.980000E+00,-4.250E-03
-4.975000E+00,-230E-06
-4.970000E+00,+2.021E-03
-4.965000E+00,-1.999E-03
-4.960000E+00,-1.356E-03
-4.955000E+00,-2.481E-03
-4.950000E+00,+1.378E-03
-4.945000E+00,-1.356E-03
-4.940000E+00,-6.340E-03
-4.935000E+00,+2.504E-03
-4.930000E+00,-3.285E-03
-4.925000E+00,+5.398E-03
-4.920000E+00,+3.308E-03
-4.915000E+00,-873E-06
-4.910000E+00,-1.516E-03
-4.905000E+00,+92E-06
-4.900000E+00,-5.054E-03
-4.895000E+00,+3.147E-03
-4.890000E+00,-552E-06
-4.885000E+00,-3.446E-03
-4.880000E+00,-3.928E-03
-4.875000E+00,+2.986E-03
-4.870000E+00,+3.308E-03
-4.865000E+00,+2.665E-03
-4.860000E+00,+896E-06
-4.855000E+00,+896E-06
-4.850000E+00,+4.594E-03
-4.845000E+00,+1.217E-03
-4.840000E+00,-69E-06
-4.835000E+00,-4.089E-03
-4.830000E+00,+1.539E-03
-4.825000E+00,+3.790E-03
-4.820000E+00,+2.665E-03
-4.815000E+00,-712E-06
-4.810000E+00,+1.539E-03
-4.805000E+00,+3.147E-03
-4.800000E+00,-4.250E-03
-4.795000E+00,+2.343E-03
-4.790000E+00,-1.838E-03
-4.785000E+00,-1.356E-03
-4.780000E+00,-1.516E-03
-4.775000E+00,+4.594E-03
-4.770000E+00,+3.790E-03
-4.765000E+00,+413E-06
-4.760000E+00,+1.057E-03
-4.755000E+00,-3.607E-03
-4.750000E+00,-3.446E-03
-4.745000E+00,+3.629E-03
-4.740000E+00,+1.378E-03
-4.735000E+00,-1.838E-03
-4.730000E+00,+3.790E-03
-4.725000E+00,-4.250E-03
-4.720000E+00,+574E-06
-4.715000E+00,+735E-06
-4.710000E+00,-1.195E-03
-4.705000E+00,-2.803E-03
-4.700000E+00,+4.594E-03
-4.695000E+00,+3.147E-03
-4.690000E+00,-5.376E-03
-4.685000E+00,-1.516E-03
-4.680000E+00,-5.697E-03
-4.675000E+00,-4.250E-03
-4.670000E+00,+574E-06
-4.665000E+00,+1.861E-03
-4.660000E+00,+896E-06
-4.655000E+00,-69E-06
-4.650000E+00,-5.054E-03
-4.645000E+00,+1.217E-03
-4.640000E+00,+3.629E-03
-4.635000E+00,+2.825E-03
-4.630000E+00,-4.732E-03
-4.625000E+00,-1.838E-03
-4.620000E+00,-3.285E-03
-4.615000E+00,+3.951E-03
-4.610000E+00,+253E-06
-4.605000E+00,-1.838E-03
-4.600000E+00,+4.594E-03
-4.595000E+00,+1.378E-03
-4.590000E+00,-2.481E-03
-4.585000E+00,+3.790E-03
-4.580000E+00,-2.642E-03
-4.575000E+00,+2.986E-03
-4.570000E+00,-3.928E-03
-4.565000E+00,-1.356E-03
-4.560000E+00,-230E-06
-4.555000E+00,-391E-06
-4.550000E+00,+2.986E-03
-4.545000E+00,-4.089E-03
-4.540000E+00,-1.677E-03
-4.535000E+00,-3.124E-03
-4.530000E+00,+3.147E-03
-4.525000E+00,-4.250E-03
-4.520000E+00,+2.825E-03
-4.515000E+00,+1.700E-03
-4.510000E+00,+3.790E-03
-4.505000E+00,-4.732E-03
-4.500000E+00,-1.034E-03
-4.495000E+00,-1.516E-03
-4.490000E+00,-2.160E-03
-4.485000E+00,+3.469E-03
-4.480000E+00,+3.790E-03
-4.475000E+00,+3.790E-03
-4.470000E+00,+253E-06
-4.465000E+00,-1.677E-03
-4.460000E+00,+1.057E-03
-4.455000E+00,+3.147E-03
-4.450000E+00,-4.250E-03
-4.445000E+00,+2.825E-03
-4.440000E+00,+92E-06
-4.435000E+00,-1.195E-03
-4.430000E+00,+1.700E-03
-4.425000E+00,+2.986E-03
-4.420000E+00,-552E-06
-4.415000E+00,+574E-06
-4.410000E+00,-4.411E-03
-4.405000E+00,+2.021E-03
-4.400000E+00,+2.182E-03
-4.395000E+00,+1.539E-03
-4.390000E+00,+253E-06
-4.385000E+00,-552E-06
-4.380000E+00,-2.642E-03
-4.375000E+00,+2.182E-03
-4.370000E+00,+1.861E-03
-4.365000E+00,-873E-06
-4.360000E+00,+2.504E-03
-4.355000E+00,+92E-06
-4.350000E+00,+2.182E-03
-4.345000E+00,+1.378E-03
-4.340000E+00,-1.999E-03
-4.335000E+00,-391E-06
-4.330000E+00,-1.999E-03
-4.325000E+00,+2.986E-03
-4.320000E+00,+253E-06
-4.315000E+00,+896E-06
-4.310000E+00,-1.356E-03
-4.305000E+00,+2.665E-03
-4.300000E+00,+574E-06
-4.295000E+00,+2.182E-03
-4.290000E+00,+1.057E-03
-4.285000E+00,-712E-06
-4.280000E+00,+2.182E-03
-4.275000E+00,+2.182E-03
-4.270000E+00,-1.838E-03
-4.265000E+00,+574E-06
-4.260000E+00,+896E-06
-4.255000E+00,+574E-06
-4.250000E+00,+2.986E-03
-4.245000E+00,-712E-06
-4.240000E+00,+2.504E-03
-4.235000E+00,+413E-06
-4.230000E+00,+2.182E-03
-4.225000E+00,+2.986E-03
-4.220000E+00,+735E-06
-4.215000E+00,+253E-06
-4.210000E+00,-873E-06
-4.205000E+00,-1.516E-03
-4.200000E+00,+2.986E-03
-4.195000E+00,+1.378E-03
-4.190000E+00,+2.665E-03
-4.185000E+00,-873E-06
-4.180000E+00,+1.700E-03
-4.175000E+00,+574E-06
-4.170000E+00,-2.160E-03
-4.165000E+00,+253E-06
-4.160000E+00,+2.504E-03
-4.155000E+00,-69E-06
-4.150000E+00,+1.378E-03
-4.145000E+00,-391E-06
-4.140000E+00,+1.217E-03
-4.135000E+00,+253E-06
-4.130000E+00,+413E-06
-4.125000E+00,+2.182E-03
-4.120000E+00,-391E-06
-4.115000E+00,+2.504E-03
-4.110000E+00,+2.665E-03
-4.105000E+00,-712E-06
-4.100000E+00,+2.182E-03
-4.095000E+00,+1.057E-03
-4.090000E+00,+574E-06
-4.085000E+00,+1.539E-03
-4.080000E+00,+2.343E-03
-4.075000E+00,-1.034E-03
-4.070000E+00,+2.182E-03
-4.065000E+00,+1.217E-03
-4.060000E+00,+1.217E-03
-4.055000E+00,+1.861E-03
-4.050000E+00,+2.986E-03
-4.045000E+00,-712E-06
-4.040000E+00,+1.539E-03
-4.035000E+00,+413E-06
-4.030000E+00,-712E-06
-4.025000E+00,+1.378E-03
-4.020000E+00,-1.195E-03
-4.015000E+00,-1.999E-03
-4.010000E+00,+1.378E-03
-4.005000E+00,+2.343E-03
-4.000000E+00,+574E-06
-3.995000E+00,-69E-06
-3.990000E+00,+2.665E-03
-3.985000E+00,+1.700E-03
-3.980000E+00,-1.034E-03
-3.975000E+00,-1.838E-03
-3.970000E+00,+735E-06
-3.965000E+00,-1.838E-03
-3.960000E+00,-1.999E-03
-3.955000E+00,+253E-06
-3.950000E+00,+574E-06
-3.945000E+00,-3.446E-03
-3.940000E+00,-2.642E-03
-3.935000E+00,+413E-06
-3.930000E+00,+413E-06
-3.925000E+00,+2.182E-03
-3.920000E+00,-69E-06
-3.915000E+00,-1.034E-03
-3.910000E+00,-1.677E-03
-3.905000E+00,+1.057E-03
-3.900000E+00,+2.182E-03
-3.895000E+00,+574E-06
-3.890000E+00,-1.356E-03
-3.885000E+00,-69E-06
-3.880000E+00,+1.378E-03
-3.875000E+00,-230E-06
-3.870000E+00,+1.700E-03
-3.865000E+00,+1.217E-03
-3.860000E+00,-230E-06
-3.855000E+00,+735E-06
-3.850000E+00,-230E-06
-3.845000E+00,+1.217E-03
-3.840000E+00,+413E-06
-3.835000E+00,+896E-06
-3.830000E+00,+2.021E-03
-3.825000E+00,-1.034E-03
-3.820000E+00,-2.160E-03
-3.815000E+00,-230E-06
-3.810000E+00,+574E-06
-3.805000E+00,+2.021E-03
-3.800000E+00,+574E-06
-3.795000E+00,+1.539E-03
-3.790000E+00,+1.861E-03
-3.785000E+00,-230E-06
-3.780000E+00,+2.021E-03
-3.775000E+00,+2.182E-03
-3.770000E+00,-2.481E-03
-3.765000E+00,-1.034E-03
-3.760000E+00,+1.378E-03
-3.755000E+00,-873E-06
-3.750000E+00,-1.838E-03
-3.745000E+00,+896E-06
-3.740000E+00,+1.539E-03
-3.735000E+00,+1.861E-03
-3.730000E+00,+1.217E-03
-3.725000E+00,+1.378E-03
-3.720000E+00,-1.195E-03
-3.715000E+00,+1.539E-03
-3.710000E+00,-230E-06
-3.705000E+00,-1.999E-03
-3.700000E+00,+574E-06
-3.695000E+00,-1.356E-03
-3.690000E+00,-552E-06
-3.685000E+00,+253E-06
-3.680000E+00,+1.217E-03
-3.675000E+00,-230E-06
-3.670000E+00,+1.057E-03
-3.665000E+00,-1.195E-03
-3.660000E+00,+1.861E-03
-3.655000E+00,+896E-06
-3.650000E+00,+2.182E-03
-3.645000E+00,-391E-06
-3.640000E+00,-1.034E-03
-3.635000E+00,+1.217E-03
-3.630000E+00,-1.677E-03
-3.625000E+00,-230E-06
-3.620000E+00,-1.677E-03
-3.615000E+00,+896E-06
-3.610000E+00,+1.057E-03
-3.605000E+00,-1.195E-03
-3.600000E+00,+574E-06
-3.595000E+00,-2.964E-03
-3.590000E+00,-1.034E-03
-3.585000E+00,-230E-06
-3.580000E+00,-1.356E-03
-3.575000E+00,+1.378E-03
-3.570000E+00,-1.195E-03
-3.565000E+00,-230E-06
-3.560000E+00,-552E-06
-3.555000E+00,+1.217E-03
-3.550000E+00,+574E-06
-3.545000E+00,-1.999E-03
-3.540000E+00,-391E-06
-3.535000E+00,-712E-06
-3.530000E+00,-1.516E-03
-3.525000E+00,+574E-06
-3.520000E+00,-1.034E-03
-3.515000E+00,-1.034E-03
-3.510000E+00,+253E-06
-3.505000E+00,-69E-06
-3.500000E+00,+1.378E-03
-3.495000E+00,+1.378E-03
-3.490000E+00,-552E-06
-3.485000E+00,-873E-06
-3.480000E+00,-1.516E-03
-3.475000E+00,+1.378E-03
-3.470000E+00,-1.195E-03
-3.465000E+00,+1.378E-03
-3.460000E+00,+896E-06
-3.455000E+00,-1.195E-03
-3.450000E+00,-1.034E-03
-3.445000E+00,-1.838E-03
-3.440000E+00,+413E-06
-3.435000E+00,+1.057E-03
-3.430000E+00,-1.516E-03
-3.425000E+00,+574E-06
-3.420000E+00,-873E-06
-3.415000E+00,-230E-06
-3.410000E+00,+574E-06
-3.405000E+00,+92E-06
-3.400000E+00,+574E-06
-3.395000E+00,-1.838E-03
-3.390000E+00,-712E-06
-3.385000E+00,-230E-06
-3.380000E+00,+896E-06
-3.375000E+00,+574E-06
-3.370000E+00,+253E-06
-3.365000E+00,-873E-06
-3.360000E+00,-873E-06
-3.355000E+00,+896E-06
-3.350000E+00,+574E-06
-3.345000E+00,+735E-06
-3.340000E+00,-712E-06
-3.335000E+00,-1.516E-03
-3.330000E+00,-712E-06
-3.325000E+00,-2.642E-03
-3.320000E+00,-1.195E-03
-3.315000E+00,-1.999E-03
-3.310000E+00,-1.034E-03
-3.305000E+00,-1.516E-03
-3.300000E+00,+1.378E-03
-3.295000E+00,-1.516E-03
-3.290000E+00,-552E-06
-3.285000E+00,+1.378E-03
-3.280000E+00,-1.677E-03
-3.275000E+00,-230E-06
-3.270000E+00,-2.481E-03
-3.265000E+00,-552E-06
-3.260000E+00,-69E-06
-3.255000E+00,+735E-06
-3.250000E+00,-1.838E-03
-3.245000E+00,+896E-06
-3.240000E+00,-1.677E-03
-3.235000E+00,-69E-06
-3.230000E+00,+735E-06
-3.225000E+00,+574E-06
-3.220000E+00,+1.217E-03
-3.215000E+00,-712E-06
-3.210000E+00,+92E-06
-3.205000E+00,-1.677E-03
-3.200000E+00,-1.034E-03
-3.195000E+00,-1.356E-03
-3.190000E+00,-1.356E-03
-3.185000E+00,-873E-06
-3.180000E+00,+1.057E-03
-3.175000E+00,-1.838E-03
-3.170000E+00,+1.057E-03
-3.165000E+00,+574E-06
-3.160000E+00,-712E-06
-3.155000E+00,-1.677E-03
-3.150000E+00,-1.838E-03
-3.145000E+00,-1.356E-03
-3.140000E+00,-1.356E-03
-3.135000E+00,-230E-06
-3.130000E+00,+574E-06
-3.125000E+00,+1.378E-03
-3.120000E+00,-1.356E-03
-3.115000E+00,+253E-06
-3.110000E+00,-712E-06
-3.105000E+00,+413E-06
-3.100000E+00,+574E-06
-3.095000E+00,-1.356E-03
-3.090000E+00,-1.195E-03
-3.085000E+00,+92E-06
-3.080000E+00,-391E-06
-3.075000E+00,-1.838E-03
-3.070000E+00,+735E-06
-3.065000E+00,+413E-06
-3.060000E+00,-712E-06
-3.055000E+00,-1.677E-03
-3.050000E+00,+574E-06
-3.045000E+00,+735E-06
-3.040000E+00,+574E-06
-3.035000E+00,-1.999E-03
-3.030000E+00,+896E-06
-3.025000E+00,-1.838E-03
-3.020000E+00,-873E-06
-3.015000E+00,-1.195E-03
-3.010000E+00,+413E-06
-3.005000E+00,-1.999E-03
-3.000000E+00,-1.034E-03
-2.995000E+00,-712E-06
-2.990000E+00,-391E-06
-2.985000E+00,-391E-06
-2.980000E+00,-391E-06
-2.975000E+00,-2.642E-03
-2.970000E+00,-1.195E-03
-2.965000E+00,-391E-06
-2.960000E+00,-873E-06
-2.955000E+00,-1.034E-03
-2.950000E+00,-1.838E-03
-2.945000E+00,-2.160E-03
-2.940000E+00,-391E-06
-2.935000E+00,-1.838E-03
-2.930000E+00,+92E-06
-2.925000E+00,-1.034E-03
-2.920000E+00,-1.356E-03
-2.915000E+00,-69E-06
-2.910000E+00,-1.356E-03
-2.905000E+00,-1.516E-03
-2.900000E+00,-1.838E-03
-2.895000E+00,-391E-06
-2.890000E+00,-391E-06
-2.885000E+00,-1.356E-03
-2.880000E+00,-1.516E-03
-2.875000E+00,-1.034E-03
-2.870000E+00,+574E-06
-2.865000E+00,+92E-06
-2.860000E+00,+253E-06
-2.855000E+00,+574E-06
-2.850000E+00,-230E-06
-2.845000E+00,+92E-06
-2.840000E+00,-712E-06
-2.835000E+00,-1.838E-03
-2.830000E+00,-1.195E-03
-2.825000E+00,+574E-06
-2.820000E+00,-712E-06
-2.815000E+00,-391E-06
-2.810000E+00,-873E-06
-2.805000E+00,+574E-06
-2.800000E+00,+574E-06
-2.795000E+00,-1.195E-03
-2.790000E+00,-873E-06
-2.785000E+00,-712E-06
-2.780000E+00,-1.516E-03
-2.775000E+00,-1.034E-03
-2.770000E+00,-1.356E-03
-2.765000E+00,-230E-06
-2.760000E+00,-1.195E-03
-2.755000E+00,-230E-06
-2.750000E+00,-1.838E-03
-2.745000E+00,-1.356E-03
-2.740000E+00,-873E-06
-2.735000E+00,-391E-06
-2.730000E+00,-1.838E-03
-2.725000E+00,-230E-06
-2.720000E+00,-552E-06
-2.715000E+00,-552E-06
-2.710000E+00,-1.356E-03
-2.705000E+00,-1.034E-03
-2.700000E+00,-230E-06
-2.695000E+00,-1.838E-03
-2.690000E+00,-552E-06
-2.685000E+00,-1.516E-03
-2.680000E+00,-1.034E-03
-2.675000E+00,-230E-06
-2.670000E+00,-712E-06
-2.665000E+00,-1.356E-03
-2.660000E+00,-1.356E-03
-2.655000E+00,-552E-06
-2.650000E+00,-1.034E-03
-2.645000E+00,-1.516E-03
-2.640000E+00,-230E-06
-2.635000E+00,-552E-06
-2.630000E+00,+413E-06
-2.625000E+00,-230E-06
-2.620000E+00,-1.195E-03
-2.615000E+00,+92E-06
-2.610000E+00,-873E-06
-2.605000E+00,-1.838E-03
-2.600000E+00,-1.034E-03
-2.595000E+00,-230E-06
-2.590000E+00,-1.838E-03
-2.585000E+00,-712E-06
-2.580000E+00,-1.677E-03
-2.575000E+00,-230E-06
-2.570000E+00,-1.677E-03
-2.565000E+00,-391E-06
-2.560000E+00,-391E-06
-2.555000E+00,-1.356E-03
-2.550000E+00,-1.838E-03
-2.545000E+00,-1.195E-03
-2.540000E+00,-1.838E-03
-2.535000E+00,-1.034E-03
-2.530000E+00,-1.195E-03
-2.525000E+00,-1.034E-03
-2.520000E+00,-712E-06
-2.515000E+00,-69E-06
-2.510000E+00,-1.356E-03
-2.505000E+00,-1.516E-03
-2.500000E+00,-1.034E-03
-2.495000E+00,-873E-06
-2.490000E+00,-552E-06
-2.485000E+00,-1.356E-03
-2.480000E+00,-1.034E-03
-2.475000E+00,-230E-06
-2.470000E+00,-873E-06
-2.465000E+00,-712E-06
-2.460000E+00,-1.034E-03
-2.455000E+00,-1.356E-03
-2.450000E+00,-230E-06
-2.445000E+00,-873E-06
-2.440000E+00,-1.356E-03
-2.435000E+00,-391E-06
-2.430000E+00,-552E-06
-2.425000E+00,-1.034E-03
-2.420000E+00,-873E-06
-2.415000E+00,+574E-06
-2.410000E+00,-69E-06
-2.405000E+00,-1.356E-03
-2.400000E+00,-1.034E-03
-2.395000E+00,-69E-06
-2.390000E+00,-391E-06
-2.385000E+00,-230E-06
-2.380000E+00,-1.356E-03
-2.375000E+00,-1.034E-03
-2.370000E+00,-1.034E-03
-2.365000E+00,-1.516E-03
-2.360000E+00,-552E-06
-2.355000E+00,+413E-06
-2.350000E+00,-230E-06
-2.345000E+00,-391E-06
-2.340000E+00,+253E-06
-2.335000E+00,-1.195E-03
-2.330000E+00,-69E-06
-2.325000E+00,-1.838E-03
-2.320000E+00,-1.034E-03
-2.315000E+00,-1.034E-03
-2.310000E+00,-1.516E-03
-2.305000E+00,-230E-06
-2.300000E+00,-1.838E-03
-2.295000E+00,-873E-06
-2.290000E+00,-712E-06
-2.285000E+00,+92E-06
-2.280000E+00,-1.516E-03
-2.275000E+00,-1.034E-03
-2.270000E+00,-552E-06
-2.265000E+00,-552E-06
-2.260000E+00,-712E-06
-2.255000E+00,-712E-06
-2.250000E+00,-1.034E-03
-2.245000E+00,+253E-06
-2.240000E+00,+574E-06
-2.235000E+00,-1.195E-03
-2.230000E+00,-873E-06
-2.225000E+00,-1.838E-03
-2.220000E+00,-1.195E-03
-2.215000E+00,-1.034E-03
-2.210000E+00,-1.034E-03
-2.205000E+00,-712E-06
-2.200000E+00,-1.034E-03
-2.195000E+00,-712E-06
-2.190000E+00,-712E-06
-2.185000E+00,+92E-06
-2.180000E+00,-873E-06
-2.175000E+00,-230E-06
-2.170000E+00,-69E-06
-2.165000E+00,-552E-06
-2.160000E+00,-1.356E-03
-2.155000E+00,-391E-06
-2.150000E+00,-1.034E-03
-2.145000E+00,-230E-06
-2.140000E+00,-391E-06
-2.135000E+00,+92E-06
-2.130000E+00,-873E-06
-2.125000E+00,+574E-06
-2.120000E+00,-230E-06
-2.115000E+00,-873E-06
-2.110000E+00,-1.195E-03
-2.105000E+00,-1.034E-03
-2.100000E+00,-1.838E-03
-2.095000E+00,-391E-06
-2.090000E+00,-1.195E-03
-2.085000E+00,-712E-06
-2.080000E+00,-1.516E-03
-2.075000E+00,-230E-06
-2.070000E+00,+253E-06
-2.065000E+00,+253E-06
-2.060000E+00,-873E-06
-2.055000E+00,-230E-06
-2.050000E+00,-230E-06
-2.045000E+00,-1.034E-03
-2.040000E+00,-230E-06
-2.035000E+00,-230E-06
-2.030000E+00,-873E-06
-2.025000E+00,-1.838E-03
-2.020000E+00,-69E-06
-2.015000E+00,-230E-06
-2.010000E+00,-712E-06
-2.005000E+00,-873E-06
-2.000000E+00,-1.838E-03
-1.995000E+00,-1.034E-03
-1.990000E+00,-552E-06
-1.985000E+00,-230E-06
-1.980000E+00,-1.034E-03
-1.975000E+00,-1.034E-03
-1.970000E+00,-230E-06
-1.965000E+00,-230E-06
-1.960000E+00,-391E-06
-1.955000E+00,-873E-06
-1.950000E+00,+574E-06
-1.945000E+00,-391E-06
-1.940000E+00,-230E-06
-1.935000E+00,-1.034E-03
-1.930000E+00,-873E-06
-1.925000E+00,-1.034E-03
-1.920000E+00,-1.034E-03
-1.915000E+00,+253E-06
-1.910000E+00,-712E-06
-1.905000E+00,-552E-06
-1.900000E+00,-1.034E-03
-1.895000E+00,+253E-06
-1.890000E+00,-230E-06
-1.885000E+00,-712E-06
-1.880000E+00,-873E-06
-1.875000E+00,-1.838E-03
-1.870000E+00,-391E-06
-1.865000E+00,-1.034E-03
-1.860000E+00,-712E-06
-1.855000E+00,-230E-06
-1.850000E+00,+574E-06
-1.845000E+00,-712E-06
-1.840000E+00,-552E-06
-1.835000E+00,-230E-06
-1.830000E+00,-69E-06
-1.825000E+00,-230E-06
-1.820000E+00,-1.034E-03
-1.815000E+00,-552E-06
-1.810000E+00,-391E-06
-1.805000E+00,-230E-06
-1.800000E+00,-1.034E-03
-1.795000E+00,-873E-06
-1.790000E+00,-1.034E-03
-1.785000E+00,-712E-06
-1.780000E+00,-1.034E-03
-1.775000E+00,-1.034E-03
-1.770000E+00,-1.034E-03
-1.765000E+00,-552E-06
-1.760000E+00,+92E-06
-1.755000E+00,-1.356E-03
-1.750000E+00,-230E-06
-1.745000E+00,-230E-06
-1.740000E+00,-552E-06
-1.735000E+00,-873E-06
-1.730000E+00,-230E-06
-1.725000E+00,-230E-06
-1.720000E+00,-873E-06
-1.715000E+00,+253E-06
-1.710000E+00,-873E-06
-1.705000E+00,-712E-06
-1.700000E+00,+574E-06
-1.695000E+00,-230E-06
-1.690000E+00,-230E-06
-1.685000E+00,-552E-06
-1.680000E+00,-873E-06
-1.675000E+00,-1.034E-03
-1.670000E+00,-1.195E-03
-1.665000E+00,-873E-06
-1.660000E+00,-230E-06
-1.655000E+00,-230E-06
-1.650000E+00,-1.034E-03
-1.645000E+00,-1.516E-03
-1.640000E+00,-552E-06
-1.635000E+00,-712E-06
-1.630000E+00,-230E-06
-1.625000E+00,-1.034E-03
-1.620000E+00,-1.034E-03
-1.615000E+00,-552E-06
-1.610000E+00,-552E-06
-1.605000E+00,-230E-06
-1.600000E+00,-1.838E-03
-1.595000E+00,-873E-06
-1.590000E+00,+253E-06
-1.585000E+00,-712E-06
-1.580000E+00,-69E-06
-1.575000E+00,-1.034E-03
-1.570000E+00,-1.034E-03
-1.565000E+00,+253E-06
-1.560000E+00,-1.034E-03
-1.555000E+00,-230E-06
-1.550000E+00,-1.034E-03
-1.545000E+00,-1.034E-03
-1.540000E+00,-69E-06
-1.535000E+00,-712E-06
-1.530000E+00,-69E-06
-1.525000E+00,+574E-06
-1.520000E+00,-1.034E-03
-1.515000E+00,-230E-06
-1.510000E+00,-712E-06
-1.505000E+00,-391E-06
-1.500000E+00,-230E-06
-1.495000E+00,-230E-06
-1.490000E+00,-1.034E-03
-1.485000E+00,-552E-06
-1.480000E+00,-391E-06
-1.475000E+00,-1.034E-03
-1.470000E+00,-69E-06
-1.465000E+00,-552E-06
-1.460000E+00,-712E-06
-1.455000E+00,-391E-06
-1.450000E+00,-230E-06
-1.445000E+00,-230E-06
-1.440000E+00,-552E-06
-1.435000E+00,+92E-06
-1.430000E+00,-230E-06
-1.425000E+00,-230E-06
-1.420000E+00,-391E-06
-1.415000E+00,-1.034E-03
-1.410000E+00,-391E-06
-1.405000E+00,-712E-06
-1.400000E+00,-1.034E-03
-1.395000E+00,-1.034E-03
-1.390000E+00,-230E-06
-1.385000E+00,-873E-06
-1.380000E+00,-230E-06
-1.375000E+00,-1.034E-03
-1.370000E+00,-391E-06
-1.365000E+00,-230E-06
-1.360000E+00,-230E-06
-1.355000E+00,+413E-06
-1.350000E+00,-1.034E-03
-1.345000E+00,-391E-06
-1.340000E+00,-230E-06
-1.335000E+00,-230E-06
-1.330000E+00,+413E-06
-1.325000E+00,-230E-06
-1.320000E+00,+253E-06
-1.315000E+00,-230E-06
-1.310000E+00,-712E-06
-1.305000E+00,-712E-06
-1.300000E+00,-230E-06
-1.295000E+00,-69E-06
-1.290000E+00,-712E-06
-1.285000E+00,-1.034E-03
-1.280000E+00,-230E-06
-1.275000E+00,-230E-06
-1.270000E+00,-873E-06
-1.265000E+00,-552E-06
-1.260000E+00,-712E-06
-1.255000E+00,-873E-06
-1.250000E+00,-230E-06
-1.245000E+00,-1.034E-03
-1.240000E+00,-552E-06
-1.235000E+00,+92E-06
-1.230000E+00,-873E-06
-1.225000E+00,-230E-06
-1.220000E+00,-873E-06
-1.215000E+00,-230E-06
-1.210000E+00,-230E-06
-1.205000E+00,-391E-06
-1.200000E+00,-230E-06
-1.195000E+00,-391E-06
-1.190000E+00,-230E-06
-1.185000E+00,-1.195E-03
-1.180000E+00,-391E-06
-1.175000E+00,-1.034E-03
-1.170000E+00,-230E-06
-1.165000E+00,-552E-06
-1.160000E+00,-230E-06
-1.155000E+00,-69E-06
-1.150000E+00,-230E-06
-1.145000E+00,-230E-06
-1.140000E+00,-1.034E-03
-1.135000E+00,-552E-06
-1.130000E+00,-873E-06
-1.125000E+00,-230E-06
-1.120000E+00,-230E-06
-1.115000E+00,-230E-06
-1.110000E+00,-391E-06
-1.105000E+00,-1.034E-03
-1.100000E+00,-230E-06
-1.095000E+00,-391E-06
-1.090000E+00,-712E-06
-1.085000E+00,-69E-06
-1.080000E+00,-230E-06
-1.075000E+00,-230E-06
-1.070000E+00,-230E-06
-1.065000E+00,-552E-06
-1.060000E+00,-712E-06
-1.055000E+00,-391E-06
-1.050000E+00,-230E-06
-1.045000E+00,-230E-06
-1.040000E+00,-230E-06
-1.035000E+00,-712E-06
-1.030000E+00,-230E-06
-1.025000E+00,-230E-06
-1.020000E+00,-230E-06
-1.015000E+00,+92E-06
-1.010000E+00,-230E-06
-1.005000E+00,-391E-06
-1.000000E+00,-230E-06
-995.000E-03,-552E-06
-990.000E-03,-552E-06
-985.000E-03,-712E-06
-980.000E-03,+413E-06
-975.000E-03,-230E-06
-970.000E-03,-230E-06
-965.000E-03,-552E-06
-960.000E-03,+253E-06
-955.000E-03,-391E-06
-950.000E-03,-230E-06
-945.000E-03,-230E-06
-940.000E-03,+253E-06
-935.000E-03,+253E-06
-930.000E-03,-230E-06
-925.000E-03,-230E-06
-920.000E-03,-391E-06
-915.000E-03,-552E-06
-910.000E-03,-230E-06
-905.000E-03,-873E-06
-900.000E-03,-230E-06
-895.000E-03,-230E-06
-890.000E-03,-552E-06
-885.000E-03,-1.034E-03
-880.000E-03,-1.034E-03
-875.000E-03,-230E-06
-870.000E-03,-230E-06
-865.000E-03,-712E-06
-860.000E-03,-230E-06
-855.000E-03,-230E-06
-850.000E-03,-230E-06
-845.000E-03,+253E-06
-840.000E-03,-552E-06
-835.000E-03,-230E-06
-830.000E-03,-230E-06
-825.000E-03,-230E-06
-820.000E-03,-230E-06
-815.000E-03,-230E-06
-810.000E-03,-230E-06
-805.000E-03,-230E-06
-800.000E-03,-1.034E-03
-795.000E-03,-230E-06
-790.000E-03,+253E-06
-785.000E-03,-552E-06
-780.000E-03,-69E-06
-775.000E-03,-230E-06
-770.000E-03,-873E-06
-765.000E-03,-552E-06
-760.000E-03,-552E-06
-755.000E-03,-230E-06
-750.000E-03,-230E-06
-745.000E-03,-230E-06
-740.000E-03,-230E-06
-735.000E-03,-230E-06
-730.000E-03,-230E-06
-725.000E-03,-1.034E-03
-720.000E-03,-873E-06
-715.000E-03,-230E-06
-710.000E-03,-712E-06
-705.000E-03,-391E-06
-700.000E-03,-230E-06
-695.000E-03,-230E-06
-690.000E-03,-552E-06
-685.000E-03,-230E-06
-680.000E-03,-230E-06
-675.000E-03,-230E-06
-670.000E-03,-873E-06
-665.000E-03,-1.034E-03
-660.000E-03,-712E-06
-655.000E-03,-230E-06
-650.000E-03,+574E-06
-645.000E-03,+253E-06
-640.000E-03,-552E-06
-635.000E-03,+253E-06
-630.000E-03,-391E-06
-625.000E-03,-230E-06
-620.000E-03,-712E-06
-615.000E-03,-230E-06
-610.000E-03,-552E-06
-605.000E-03,-230E-06
-600.000E-03,-230E-06
-595.000E-03,-230E-06
-590.000E-03,-712E-06
-585.000E-03,-230E-06
-580.000E-03,-230E-06
-575.000E-03,-230E-06
-570.000E-03,-230E-06
-565.000E-03,-230E-06
-560.000E-03,+253E-06
-555.000E-03,-69E-06
-550.000E-03,-230E-06
-545.000E-03,+413E-06
-540.000E-03,-712E-06
-535.000E-03,-230E-06
-530.000E-03,+253E-06
-525.000E-03,-230E-06
-520.000E-03,-230E-06
-515.000E-03,-712E-06
-510.000E-03,-230E-06
-505.000E-03,-230E-06
-500.000E-03,-230E-06
-495.000E-03,-873E-06
-490.000E-03,-712E-06
-485.000E-03,-230E-06
-480.000E-03,-230E-06
-475.000E-03,-1.034E-03
-470.000E-03,-712E-06
-465.000E-03,-230E-06
-460.000E-03,+253E-06
-455.000E-03,-230E-06
-450.000E-03,-230E-06
-445.000E-03,-230E-06
-440.000E-03,-230E-06
-435.000E-03,-712E-06
-430.000E-03,-230E-06
-425.000E-03,-1.034E-03
-420.000E-03,-873E-06
-415.000E-03,-552E-06
-410.000E-03,-230E-06
-405.000E-03,-873E-06
-400.000E-03,-230E-06
-395.000E-03,-230E-06
-390.000E-03,-230E-06
-385.000E-03,-230E-06
-380.000E-03,-873E-06
-375.000E-03,-230E-06
-370.000E-03,-230E-06
-365.000E-03,-230E-06
-360.000E-03,-230E-06
-355.000E-03,-391E-06
-350.000E-03,-1.034E-03
-345.000E-03,-230E-06
-340.000E-03,-712E-06
-335.000E-03,-230E-06
-330.000E-03,-391E-06
-325.000E-03,-1.034E-03
-320.000E-03,-230E-06
-315.000E-03,-230E-06
-310.000E-03,-230E-06
-305.000E-03,-391E-06
-300.000E-03,-1.034E-03
-295.000E-03,-230E-06
-290.000E-03,-712E-06
-285.000E-03,-230E-06
-280.000E-03,-391E-06
-275.000E-03,-230E-06
-270.000E-03,-230E-06
-265.000E-03,-230E-06
-260.000E-03,-230E-06
-255.000E-03,-873E-06
-250.000E-03,-1.034E-03
-245.000E-03,-230E-06
-240.000E-03,-552E-06
-235.000E-03,-230E-06
-230.000E-03,-230E-06
-225.000E-03,-1.034E-03
-220.000E-03,-230E-06
-215.000E-03,-230E-06
-210.000E-03,-230E-06
-205.000E-03,-230E-06
-200.000E-03,-1.034E-03
-195.000E-03,-230E-06
-190.000E-03,-712E-06
-185.000E-03,-712E-06
-180.000E-03,-230E-06
-175.000E-03,-230E-06
-170.000E-03,-230E-06
-165.000E-03,-230E-06
-160.000E-03,-230E-06
-155.000E-03,-391E-06
-150.000E-03,-1.034E-03
-145.000E-03,-873E-06
-140.000E-03,-230E-06
-135.000E-03,-712E-06
-130.000E-03,+413E-06
-125.000E-03,-1.838E-03
-120.000E-03,-230E-06
-115.000E-03,-230E-06
-110.000E-03,-69E-06
-105.000E-03,-712E-06
-100.000E-03,-230E-06
-95.000E-03,-1.034E-03
-90.000E-03,-1.195E-03
-85.000E-03,-230E-06
-80.000E-03,-230E-06
-75.000E-03,-230E-06
-70.000E-03,-391E-06
-65.000E-03,-712E-06
-60.000E-03,-1.356E-03
-55.000E-03,-230E-06
-50.000E-03,-230E-06
-45.000E-03,-230E-06
-40.000E-03,-552E-06
-35.000E-03,+253E-06
-30.000E-03,-230E-06
-25.000E-03,-230E-06
-20.000E-03,-391E-06
-15.000E-03,-230E-06
-10.000E-03,-230E-06
-5.000E-03,-230E-06
